time,x,y,z,qx,qy,qz,qw,roll,pitch,yaw
2024/05/15 1:49:39.215 pm,0.694766104221344,0.5668730139732361,0.33909672498703003,0.6614570152806086,0.1261898295455842,4.7106678570363845e-18,0.7392906095198467,1.107961423534096,1.3607339990833938,-0.928271576512235
2024/05/15 1:49:39.226 pm,0.3735249638557434,0.4463828206062317,0.24937084317207336,0.6636272023212026,0.1271265489171044,0.0024833133905632202,0.7371780567094983,1.1299567224486509,1.3657630646417436,-0.9454316427595287
2024/05/15 1:49:39.235 pm,0.09037904441356659,0.2439906895160675,0.16239310801029205,0.6645920947828096,0.1277179313908106,0.004232190864556547,0.736198034342381,1.1392279214711984,1.3685799303692427,-0.9513883438776917
2024/05/15 1:49:39.244 pm,-0.07861370593309402,0.1470809131860733,0.10702946037054062,0.6646643124037555,0.12797019559590406,0.005377727170326821,0.7360814997043044,1.1382121604492839,1.3698121893943218,-0.9483886511916914
2024/05/15 1:49:39.256 pm,-0.18523477017879486,0.08229202032089233,0.0289313867688179,0.6642091350025443,0.12816654346751066,0.00611947623853941,0.7364523451676384,1.1319133407603104,1.369886284526161,-0.9407510678689839
2024/05/15 1:49:39.265 pm,-0.2585843503475189,-0.02844993583858013,-0.03350376337766647,0.6633731453262262,0.12828217691237118,0.0063532119342623004,0.737183385759599,1.1222842725239692,1.3688863185249984,-0.9306134126846786
2024/05/15 1:49:39.275 pm,-0.3093476891517639,-0.144679456949234,-0.060414671897888184,0.6622949116179045,0.1280838779229663,0.006060091702511153,0.7381890672070914,1.1098766744350774,1.3672215868045978,-0.9188913778677869
2024/05/15 1:49:39.285 pm,-0.3267650306224823,-0.13299483060836792,-0.08822952210903168,0.6610499656692431,0.1277611413509322,0.005496949816720017,0.7393644277168613,1.095974142048086,1.3650963494843185,-0.9062331085729626
2024/05/15 1:49:39.295 pm,-0.23983967304229736,0.009696295484900475,-0.10838288813829422,0.6599192406316302,0.12782284659828963,0.005088888205514167,0.7403661502405685,1.0852281831710306,1.3628874320214248,-0.8959600009156498
2024/05/15 1:49:39.305 pm,-0.09145713597536087,0.1888308972120285,-0.11782646179199219,0.6592223172309033,0.12858908716355102,0.005132971452390702,0.7408537930365304,1.0817962992394607,1.3611029941346573,-0.8913529085918265
2024/05/15 1:49:39.315 pm,0.03399239853024483,0.18269337713718414,-0.08726189285516739,0.6590645757081811,0.12967903497727754,0.005412553337579578,0.7408021321394551,1.085189735467302,1.3600577062770076,-0.892779267585631
2024/05/15 1:49:39.325 pm,0.0486387200653553,0.03914766013622284,-0.040594253689050674,0.65917421534633,0.13030864345654458,0.005525607539755546,0.7405932073206739,1.0894134697477325,1.3596912886960824,-0.8959381820622858
2024/05/15 1:49:39.335 pm,0.07966487854719162,-0.08572693914175034,-0.0049302722327411175,0.6593935866143751,0.13027924256015322,0.005326514250168885,0.740404702269701,1.092167285944796,1.3598064827555707,-0.8990195349511241
2024/05/15 1:49:39.345 pm,0.08969727158546448,-0.16773845255374908,-0.03155149519443512,0.659703587699862,0.12985019500576578,0.004799546809155541,0.7402073712839154,1.094702638206319,1.3600801086944805,-0.9029236463830215
2024/05/15 1:49:39.355 pm,0.10639672726392746,-0.3137747645378113,-0.10469871759414673,0.6600340393228612,0.12919747537653534,0.003727602800803603,0.7400332217380476,1.0978480402660342,1.3599657091843798,-0.9085316711683
2024/05/15 1:49:39.365 pm,0.08258780092000961,-0.5370462536811829,-0.17581550776958466,0.6603149045941231,0.1280729048644306,0.00172416692523855,0.7399855374890728,1.100636059476038,1.359160477594573,-0.9157796627307767
2024/05/15 1:49:39.375 pm,-0.026401501148939133,-0.6489876508712769,-0.23161742091178894,0.6603050704404718,0.12649800768250044,-0.001047197379678341,0.7402663954688087,1.1001462881471664,1.3574996294217718,-0.9214807774220518
2024/05/15 1:49:39.385 pm,-0.13628193736076355,-0.5605805516242981,-0.23495382070541382,0.659811692971018,0.12499458426738083,-0.003906187573427458,0.7409518265078548,1.0952138618892013,1.3549750783972954,-0.9227534605452107
2024/05/15 1:49:39.395 pm,-0.12448964267969131,-0.3452388048171997,-0.19202043116092682,0.6591543482471321,0.12401410039529917,-0.0061251912828145065,0.7416862573642629,1.089579832056406,1.3524279698698967,-0.9216638345219874
2024/05/15 1:49:39.405 pm,-0.05885684862732887,-0.12794457376003265,-0.12507867813110352,0.6587097371570854,0.12365889840079233,-0.007402707461826315,0.742128796439892,1.0867796802331466,1.3506435960674277,-0.9211783180339967
2024/05/15 1:49:39.415 pm,-0.007695024833083153,-0.13328343629837036,-0.1289251148700714,0.6585088947891719,0.12362828672813139,-0.008213381737274667,0.7423034655705746,1.0868373778153022,1.3494194851760488,-0.9224259899563871
2024/05/15 1:49:39.425 pm,-0.011496154591441154,-0.20032770931720734,-0.16163672506809235,0.6583886854329866,0.12347490052156208,-0.009314154778071628,0.7424226515873147,1.087896398552339,1.3480987972862923,-0.9252635460593077
2024/05/15 1:49:39.435 pm,-0.046598050743341446,-0.18194414675235748,-0.20037464797496796,0.6581462152740866,0.12334894161269082,-0.010603505943032753,0.7426411963337722,1.0883621535611923,1.3463483699893493,-0.9277341293377783
2024/05/15 1:49:39.444 pm,-0.10901641845703125,-0.17306996881961823,-0.2704538404941559,0.6577192385395482,0.12345395857091945,-0.011992298670036181,0.7429809834230335,1.088384924060518,1.343968947807328,-0.9295682297233121
2024/05/15 1:49:39.455 pm,-0.2125246673822403,-0.21456173062324524,-0.3407443165779114,0.6569296891656731,0.12376779819180442,-0.01364953831842294,0.7435983793935568,1.0865754380608577,1.340526994011516,-0.929645825839794
2024/05/15 1:49:39.465 pm,-0.2952754497528076,-0.29911842942237854,-0.3957122266292572,0.6557326120695678,0.12403447143330505,-0.015702546183145042,0.7445694344625945,1.081718570250822,1.3360853864815223,-0.9272996307019146
2024/05/15 1:49:39.479 pm,-0.3090387284755707,-0.48002350330352783,-0.4619212746620178,0.6526422649520931,0.12413930699251854,-0.02099894668418232,0.7471322656314122,1.0672451506041838,1.3252579543515646,-0.9201438546584809
2024/05/15 1:49:39.488 pm,-0.2992459833621979,-0.5337225794792175,-0.4178851842880249,0.6511801563381397,0.12366731184953648,-0.02417191336039375,0.7483893375509156,1.0601145524395812,1.3199150759529452,-0.9181733144011134
2024/05/15 1:49:39.496 pm,-0.2992459833621979,-0.5337225794792175,-0.4178851842880249,0.6511801563381397,0.12366731184953648,-0.02417191336039375,0.7483893375509156,1.0601145524395812,1.3199150759529452,-0.9181733144011134
2024/05/15 1:49:39.505 pm,-0.2255115658044815,-0.5092798471450806,-0.34369298815727234,0.649858861490428,0.12300134414938949,-0.027100567893509675,0.7495462489488441,1.0529733082028274,1.315275274931412,-0.9161279480505052
2024/05/15 1:49:39.515 pm,-0.07981143146753311,-0.6199920177459717,-0.3221520781517029,0.6489910322453982,0.12200106146044583,-0.030076809667737348,0.7503477116599728,1.0485204791305034,1.3116108923149619,-0.9173265848537545
2024/05/15 1:49:39.525 pm,0.09722565859556198,-0.7829217910766602,-0.24176031351089478,0.6487209539712705,0.12030345734659806,-0.03341386923995463,0.750714057652817,1.0469907979951911,1.30916098412077,-0.9229719356554641
2024/05/15 1:49:39.535 pm,0.3201792538166046,-1.059077262878418,-0.15082953870296478,0.6492209475975927,0.11746003600488772,-0.037247251351001445,0.7505517352165963,1.0481668660091221,1.3085023170107393,-0.9336837758556709
2024/05/15 1:49:39.545 pm,0.5438711643218994,-1.3968896865844727,0.0077161602675914764,0.650573318068211,0.11301041725181761,-0.04178786238859131,0.7498244847309277,1.0514723800359755,1.3100066972266668,-0.9498423455510983
2024/05/15 1:49:39.555 pm,0.6898002028465271,-1.7068930864334106,0.26530319452285767,0.6526412656847544,0.10656604716597749,-0.04672724833879466,0.7486785989946383,1.0537992785622263,1.314273392847,-0.9684476435299545
2024/05/15 1:49:39.565 pm,0.8361084461212158,-2.0746400356292725,0.5123339891433716,0.655220842467147,0.09807524486604899,-0.051801074709015765,0.7472505910992041,1.053101121195752,1.321423991174214,-0.9871356000943219
2024/05/15 1:49:39.575 pm,1.0578935146331787,-2.576777696609497,0.8376648426055908,0.6583994599898265,0.08690436529893873,-0.05740407929042976,0.745427723789845,1.0491325304665504,1.3319057568467567,-1.0071103484446342
2024/05/15 1:49:39.585 pm,1.4925099611282349,-2.9564168453216553,1.4151612520217896,0.6627110903576376,0.07245320167492697,-0.06298043856160056,0.7426964577518307,1.0440669908046531,1.3478945586964368,-1.0305867442977124
2024/05/15 1:49:39.595 pm,2.0068883895874023,-3.2624619007110596,2.1592867374420166,0.6688089509202221,0.05437582645711551,-0.06728220275083285,0.7383839718770002,1.0421305941562382,1.3722714260956355,-1.0604735119886177
2024/05/15 1:49:39.605 pm,2.1910769939422607,-3.6022517681121826,2.8688957691192627,0.6759949896105287,0.032494682133266416,-0.07002118198034198,0.732851922675332,1.0377862784290162,1.4048218298750965,-1.09104633445841
2024/05/15 1:49:39.615 pm,2.142364501953125,-3.9137816429138184,3.4814343452453613,0.6829443623163591,0.0070767408232184316,-0.07143243078026609,0.7269348755839696,1.0144473067727502,1.443439951930021,-1.1056764621068391
2024/05/15 1:49:39.625 pm,1.7273075580596924,-3.64784836769104,3.8799946308135986,0.6885875551265416,-0.020285270047839192,-0.07110281077616071,0.7213736404572306,0.9330953141750091,1.4852424904165529,-1.062546166885083
2024/05/15 1:49:39.635 pm,0.791877269744873,-2.7958426475524902,3.9702138900756836,0.6914561038614816,-0.046133970049753587,-0.06793461281380854,0.7177359688065552,0.6117344616695518,1.5225012611019673,-0.773274222866104
2024/05/15 1:49:39.645 pm,-0.4478129744529724,-1.5939160585403442,3.7905991077423096,0.6902683516510882,-0.0676483298382819,-0.0615222878562808,0.7177522519252328,-0.31079353392483344,1.5309712818116752,0.1278274520408176
2024/05/15 1:49:39.655 pm,-1.9366079568862915,-0.17721949517726898,3.1778717041015625,0.6844228735896265,-0.08266218348926051,-0.05230680171767612,0.7224930806504573,-0.7687640691122736,1.5019229981209725,0.5774844799648167
2024/05/15 1:49:39.665 pm,-3.55999493598938,0.9425667524337769,2.0562002658843994,0.6733418673453023,-0.08952765515352559,-0.04243913563725185,0.7326625657731267,-0.7645315927267422,1.4636349566532625,0.5773610746623753
2024/05/15 1:49:39.674 pm,-5.184631824493408,1.3958773612976074,0.6413798928260803,0.6567186589484575,-0.08870094120988178,-0.035340644112159564,0.7480666840731957,-0.61674905749449,1.4210449149120041,0.44060727744478756
2024/05/15 1:49:39.685 pm,-6.740980625152588,1.341063141822815,-0.6433708071708679,0.6342259623997718,-0.08236451765950316,-0.03349645864951853,0.7680178901612934,-0.4326372274581012,1.3690174064524308,0.26776094105476617
2024/05/15 1:49:39.695 pm,-7.791843414306641,1.2619259357452393,-1.7812690734863281,0.6062567338924427,-0.07220228024970367,-0.037042071473968353,0.7911178877986617,-0.2659725926863228,1.303884975171975,0.10993338754179571
2024/05/15 1:49:39.705 pm,-7.64628267288208,0.8590049743652344,-2.8999483585357666,0.5758697775018247,-0.05924029552386121,-0.04576429362872472,0.8141069728348114,-0.13190616263855598,1.2317172544024326,-0.01889564450049474
2024/05/15 1:49:39.715 pm,-6.377570629119873,-0.22367188334465027,-4.007368087768555,0.5476443645434091,-0.04618903833762951,-0.06097125245910597,0.8332074404401817,-0.025730265712484948,1.163600854582328,-0.12916820694294148
2024/05/15 1:49:39.724 pm,-4.725499153137207,-1.8894072771072388,-4.831065654754639,0.524768650772455,-0.0366405291485345,-0.08363098535717405,0.8463339292277261,0.057608460488687945,1.107060187180789,-0.2325981849553388
2024/05/15 1:49:39.735 pm,-2.48940372467041,-2.728947401046753,-4.655026912689209,0.5087675332167079,-0.032769086719408626,-0.11115722542679136,0.8530683960556428,0.11856285997140316,1.0660807572046103,-0.3291520587864466
2024/05/15 1:49:39.745 pm,1.2466282844543457,-2.317573308944702,-3.3044114112854004,0.50473619601536,-0.03293709546080528,-0.1347852977608571,0.8520501776542586,0.1622549782779291,1.053177757542327,-0.4082418610437056
2024/05/15 1:49:39.755 pm,5.461794853210449,-2.9714770317077637,-2.259976863861084,0.5177452864245642,-0.039370995560744707,-0.15232317111720836,0.8409442761556989,0.19605066247709635,1.0817560015863972,-0.4763754253161346
2024/05/15 1:49:39.765 pm,8.481474876403809,-4.298595905303955,-2.0763514041900635,0.5448386723356802,-0.05454119278061047,-0.1692095321336527,0.8194780023886978,0.2329659045010087,1.1467326354791691,-0.5580758075375807
2024/05/15 1:49:39.775 pm,9.544483184814453,-5.383112907409668,-2.109403610229492,0.5780137378507667,-0.07650633418049896,-0.18840696682871308,0.7902845217280465,0.29389679515721356,1.229792039991454,-0.6763802786129621
2024/05/15 1:49:39.785 pm,9.28878402709961,-5.653314590454102,-2.0458202362060547,0.6101271742074729,-0.10139695558564815,-0.20894433731769865,0.7574995485860565,0.4072841669794186,1.3120626780990874,-0.8535654690153968
2024/05/15 1:49:39.795 pm,8.422209739685059,-4.799239158630371,-1.9118865728378296,0.6384815074751803,-0.12462177168041454,-0.22786042167664805,0.7244931879595136,0.6231074177050838,1.3804762977467258,-1.1292431853653835
2024/05/15 1:49:39.805 pm,8.280195236206055,-5.453711986541748,-2.9599087238311768,0.6635592002452126,-0.14510543930661568,-0.2457886633657236,0.6915355998367655,1.0189290648092442,1.4228789931530557,-1.5806063365888852
2024/05/15 1:49:39.815 pm,5.573253154754639,-0.7253068685531616,-2.0405871868133545,0.6857692567602443,-0.15532296088430084,-0.2587697227848326,0.6622940905777959,1.495919264519915,1.4206393776096082,-2.0919737143561243
2024/05/15 1:49:39.825 pm,2.900970697402954,3.749002695083618,-0.12134183198213577,0.70261657525484,-0.15127918293019604,-0.25319615465033884,0.6475617590456957,1.7750147769344538,1.4067948026966552,-2.357142617298929
2024/05/15 1:49:39.835 pm,0.37376344203948975,4.7394232749938965,1.1063488721847534,0.7130382952592477,-0.14094090195151004,-0.23412911926304555,0.6456744765147625,1.927372193307999,1.4080004697271054,-2.466052982882454
2024/05/15 1:49:39.845 pm,-2.6381940841674805,1.7005000114440918,0.1883135288953781,0.712183600051061,-0.13158833473068163,-0.22096344983239483,0.6531876846273572,1.9015439573884614,1.41920180228826,-2.4069243494338988
2024/05/15 1:49:39.855 pm,-3.35738468170166,-0.5582209825515747,-0.4809539020061493,0.7023623085004358,-0.1253839046648206,-0.2216661784847434,0.6647031161664063,1.6950230329584008,1.4244575239132264,-2.192248959586022
2024/05/15 1:49:39.865 pm,-1.2535332441329956,-3.1266884803771973,-0.303143173456192,0.6926475522366122,-0.12740932592322157,-0.23101940759475625,0.6712944895896958,1.517062957651006,1.4210504659264862,-2.0310199838183434
2024/05/15 1:49:39.875 pm,-0.7394528388977051,-5.371181488037109,0.3048185110092163,0.6847805752596612,-0.14094292765108543,-0.24637980313717417,0.6711987054193373,1.420674853610221,1.420312451448975,-1.977137888144224
2024/05/15 1:49:39.885 pm,-2.150698184967041,-5.928455352783203,0.32735899090766907,0.6724576369568432,-0.15970231505441732,-0.2658794370703203,0.6720148716128972,1.2684033155467174,1.420496235821035,-1.8815289794789225
2024/05/15 1:49:39.895 pm,-3.1855297088623047,-5.153982639312744,0.15984009206295013,0.6551852576864742,-0.1755033617633299,-0.2860735341537397,0.6768254548732138,1.043947290883327,1.4112902507625538,-1.7111011548654036
2024/05/15 1:49:39.905 pm,-2.421231985092163,-3.9608049392700195,0.17453435063362122,0.6382991416143264,-0.1873765061585461,-0.3030064566892797,0.6823863649283206,0.851000566646555,1.395562749654845,-1.5620626399323039
2024/05/15 1:49:39.915 pm,-0.4146164357662201,-2.3581433296203613,-0.07704444229602814,0.6283526683686251,-0.19625241643597624,-0.314219595332154,0.684049566884841,0.7587313068003158,1.3860422141826176,-1.5006372197692563
2024/05/15 1:49:39.925 pm,1.5831636190414429,-0.8703426122665405,-0.40885594487190247,0.6281781478308383,-0.2018763107286576,-0.3195210830101004,0.6801061365401329,0.7758767127704156,1.388682741356137,-1.5343625980220121
2024/05/15 1:49:39.935 pm,2.884688138961792,0.3624483048915863,-0.5394961833953857,0.6360589137344337,-0.2048267881490215,-0.31948694638517516,0.6718654762165535,0.8868482332748159,1.4007150917577673,-1.6493686604151918
2024/05/15 1:49:39.945 pm,3.356881618499756,0.8549450635910034,-0.8085963129997253,0.6484163934667716,-0.20552339683183388,-0.3162986452205127,0.6612649828249806,1.0761678693471186,1.412921639731934,-1.8344797066785408
2024/05/15 1:49:39.955 pm,3.258976459503174,0.656191349029541,-1.1346795558929443,0.6616211228627464,-0.20499216801503845,-0.3134947440548743,0.6495818507772655,1.3047425058527322,1.4162539906804807,-2.057860898168063
2024/05/15 1:49:39.965 pm,2.6346027851104736,0.2814217507839203,-1.16721510887146,0.6732391650524484,-0.20431070564793377,-0.3126910352091609,0.6381460846133106,1.5084064012575868,1.4095137056552274,-2.25947012426743
2024/05/15 1:49:39.975 pm,1.3582960367202759,0.4609905481338501,-0.6582503914833069,0.6811861790544246,-0.20321618908341343,-0.3125298915382163,0.6300901552286193,1.6333151900125153,1.3999408673975555,-2.382777528403611
2024/05/15 1:49:39.985 pm,-0.5218320488929749,0.7389142513275146,0.18489816784858704,0.6838542882960378,-0.20111686580412486,-0.3106660048727229,0.6287940888996459,1.6647710433599603,1.3971852666964577,-2.4082847127810787
2024/05/15 1:49:39.995 pm,-3.1035187244415283,1.3641828298568726,0.9818516969680786,0.6792248453246076,-0.19725742327755946,-0.3071374819583947,0.6367179116880117,1.5738906014742327,1.4039869516073853,-2.3059375969322473
2024/05/15 1:49:40.005 pm,-6.192787170410156,2.296623706817627,1.6732059717178345,0.6656849247418309,-0.1886803466231751,-0.3010189942119797,0.656239903568562,1.2999044658926866,1.4111952337997362,-2.009445577575523
2024/05/15 1:49:40.015 pm,-7.889777183532715,1.7659653425216675,1.8577960729599,0.6429923370620197,-0.17642380594944415,-0.2942891372697921,0.6847111675276651,0.8898976349721355,1.3937448427460137,-1.571310065451869
2024/05/15 1:49:40.025 pm,-8.058420181274414,0.2884717583656311,1.377791404724121,0.6150188365428977,-0.16661031032263535,-0.29234947591106875,0.7131090446323862,0.5755803170909053,1.3447845027050858,-1.2410239498660567
2024/05/15 1:49:40.035 pm,-8.329776763916016,-0.9086794257164001,0.6902479529380798,0.5838461159680837,-0.15855094656834137,-0.2960209467163579,0.7391595932797973,0.39357594347751035,1.276407713086908,-1.0554823800290394
2024/05/15 1:49:40.045 pm,-7.954609394073486,-3.033748149871826,-0.11936288326978683,0.5498720098336309,-0.15445901657270875,-0.3068216688185243,0.7613433183575244,0.2860705395087246,1.200072923087163,-0.9626188971444096
2024/05/15 1:49:40.055 pm,-6.603707313537598,-4.765014171600342,-1.1306889057159424,0.5155673977369669,-0.15654759770736926,-0.32565730879306315,0.7769365884182956,0.21718911725059026,1.1269067259929448,-0.9313584404469322
2024/05/15 1:49:40.065 pm,-4.040985107421875,-4.510180473327637,-2.1205148696899414,0.48743256091406156,-0.1621299612647772,-0.34829686349812866,0.7840997930328168,0.17867930400648377,1.0702703092279544,-0.9421501462754028
2024/05/15 1:49:40.075 pm,-0.4108879268169403,-3.7280502319335938,-2.889350175857544,0.47330092437722304,-0.16804512607456606,-0.3699475031332163,0.7815918174513123,0.17480422485075578,1.043542324129488,-0.9848319124279125
2024/05/15 1:49:40.085 pm,3.158085823059082,-3.406939744949341,-2.874110221862793,0.4744988006214294,-0.17760152562772372,-0.38865572359370254,0.7695811685964351,0.1937419882888917,1.0519309281786164,-1.0480175898815183
2024/05/15 1:49:40.095 pm,6.25484037399292,-3.24835467338562,-2.2008330821990967,0.4883941936109843,-0.19350442458319822,-0.4018950386792953,0.7500048949468396,0.2244894308803372,1.093266756959333,-1.1207991604629701
2024/05/15 1:49:40.105 pm,8.515290260314941,-3.5239779949188232,-1.7377943992614746,0.5110594473868382,-0.21625524081036027,-0.409915254408942,0.7238931581582492,0.2690007257998742,1.1609887784549713,-1.2075282036245785
2024/05/15 1:49:40.115 pm,9.495599746704102,-3.2704885005950928,-1.489549994468689,0.5380782752811469,-0.243226541943814,-0.4141766482524892,0.6926544243826075,0.34505803470848617,1.243397716987444,-1.3262527985528783
2024/05/15 1:49:40.125 pm,9.223505020141602,-1.5301588773727417,-1.4527562856674194,0.5666850045741537,-0.2673403164861853,-0.414089358067929,0.6602479006896339,0.49623434167439123,1.3240437197859003,-1.510182615567427
2024/05/15 1:49:40.135 pm,8.127877235412598,2.2238028049468994,-0.9916561245918274,0.5971984449908619,-0.28091634650272984,-0.4054196501363558,0.6325148151231708,0.7853377166318474,1.3875193847833773,-1.8034602482520299
2024/05/15 1:49:40.145 pm,5.577508926391602,6.260776042938232,-0.23889261484146118,0.6284686629659114,-0.2793331487520634,-0.38394647373538665,0.6161049410061529,1.1987870848293167,1.4216834034516033,-2.1780848372522827
2024/05/15 1:49:40.155 pm,2.3983371257781982,7.705463409423828,-0.8440914154052734,0.654993794362568,-0.2631312203998878,-0.3562730276955421,0.612220985219358,1.5466515890993422,1.425720906113563,-2.455933698978314
2024/05/15 1:49:40.165 pm,-1.196969985961914,7.029621124267578,-1.9775583744049072,0.671161167200226,-0.23652632338709384,-0.33597256509741136,0.6170254031794279,1.6511021350340613,1.4104978758727722,-2.4875140536639786
2024/05/15 1:49:40.175 pm,-2.961653470993042,3.61049485206604,-2.0624217987060547,0.6758592042540158,-0.20857773109964603,-0.32571618602542735,0.6273902219650059,1.5740483120275055,1.3912745617342583,-2.3521926234210433
2024/05/15 1:49:40.185 pm,-3.180800437927246,-2.805745840072632,-2.065636157989502,0.668952045975555,-0.19529638107411168,-0.33421000462534267,0.6345597398655292,1.4276432197965472,1.3680639543667248,-2.1993490128294306
2024/05/15 1:49:40.195 pm,-5.9551591873168945,-7.610097885131836,-0.917045533657074,0.6473815846596401,-0.1992759366139255,-0.3606595826857764,0.6411792255008439,1.1992835065164869,1.3418972841326184,-2.019135702357022
2024/05/15 1:49:40.204 pm,-9.110072135925293,-11.699490547180176,-0.20728012919425964,0.6043981736966662,-0.21507870267688264,-0.40109338801469446,0.6538868512376729,0.8554049430536124,1.2977331423391831,-1.7661393632092386
2024/05/15 1:49:40.215 pm,-10.01902961730957,-12.302531242370605,0.1684967577457428,0.545935847040135,-0.2349940052233587,-0.4475961915775665,0.6681238127515845,0.5369777557239432,1.2222504138586834,-1.5613581035223099
2024/05/15 1:49:40.226 pm,-5.573922634124756,-8.055131912231445,-0.5506320595741272,0.49436551167571074,-0.2504472800574963,-0.48508524782788776,0.6764399756594774,0.3499568565493183,1.147631190109777,-1.471790691551006
2024/05/15 1:49:40.236 pm,0.9849322438240051,-3.1964900493621826,-1.3774988651275635,0.47448958769161215,-0.26120004748511105,-0.5047406455456125,0.6722134383148425,0.2999671416518924,1.1234382764404216,-1.4777484827936211
2024/05/15 1:49:40.245 pm,5.5415520668029785,1.2928175926208496,-0.13863041996955872,0.4844636288867277,-0.27098794089336964,-0.505646534833747,0.6604407413093781,0.33130033100829565,1.1529555649054082,-1.5233814801332302
2024/05/15 1:49:40.255 pm,7.4778923988342285,4.388746738433838,1.0548561811447144,0.5132228440072397,-0.2794259844883722,-0.4868175661193347,0.6492549923710902,0.40749262408837067,1.218213522545906,-1.573049468948995
2024/05/15 1:49:40.265 pm,6.4437761306762695,5.734281063079834,0.40684178471565247,0.547141059039059,-0.2817499318671954,-0.46059446730902226,0.6396142881024721,0.5346184166502171,1.2850920340224787,-1.6525711394710292
2024/05/15 1:49:40.275 pm,5.045242786407471,6.365391254425049,-0.13193047046661377,0.5789607897433378,-0.2756046884127713,-0.4353233305348743,0.6319336748149695,0.7196619545848016,1.3322561376279864,-1.7814371041406323
2024/05/15 1:49:40.285 pm,3.4029393196105957,7.659188270568848,0.6367044448852539,0.6067639250256911,-0.2631630351544544,-0.4082824660297272,0.6291964979466607,0.9197779604573235,1.3627542065135385,-1.9150826964422012
2024/05/15 1:49:40.295 pm,1.6788318157196045,7.523643970489502,0.6685850620269775,0.6285593463877184,-0.2461285735705709,-0.3791502392602111,0.6329129878230777,1.0778979493408791,1.3822949628209837,-1.9982592924183347
2024/05/15 1:49:40.305 pm,0.9471816420555115,5.99916410446167,0.5255381464958191,0.6448910578671743,-0.22820276627757208,-0.35365425778624415,0.6379401744449527,1.200325684225193,1.3928743039567908,-2.0519674504365124
2024/05/15 1:49:40.315 pm,-1.0759559869766235,1.5247066020965576,0.52516108751297,0.6511160704167847,-0.21752690641432787,-0.33914036130154174,0.6432058408175196,1.2295800033682174,1.398231640597396,-2.041918050879509
2024/05/15 1:49:40.325 pm,-3.8766305446624756,-3.1557695865631104,0.05757894366979599,0.6413237406464067,-0.2171924068968608,-0.3436331080905151,0.6507285527891512,1.0870343647346625,1.3912473707288053,-1.9060697649177658
2024/05/15 1:49:40.335 pm,-6.468379974365234,-7.166754245758057,-0.5660538673400879,0.6151366223467547,-0.22426583047015777,-0.36661805200074243,0.6609863469498696,0.825564660785832,1.358898921680289,-1.6928388601578286
2024/05/15 1:49:40.345 pm,-7.582760334014893,-10.212160110473633,-1.3503642082214355,0.5752770096489388,-0.23695153310503644,-0.40431434936450705,0.6704030053181461,0.5785389259559334,1.2977010831898022,-1.5293606795672836
2024/05/15 1:49:40.355 pm,-5.604920387268066,-9.623144149780273,-2.0537972450256348,0.532340528820538,-0.25234026794014,-0.4471122339434575,0.6730740236388483,0.4193150553862332,1.2293101541558438,-1.4708701035881657
2024/05/15 1:49:40.365 pm,0.052703339606523514,-3.4610137939453125,-1.9001737833023071,0.509558611096319,-0.2626998369763415,-0.475428203470849,0.6673131288641656,0.3725314095735071,1.1940324777385565,-1.4928836934404555
2024/05/15 1:49:40.375 pm,5.468381881713867,2.209007501602173,0.02493605762720108,0.5193239912170124,-0.2688824464500252,-0.4763033278858877,0.6566125548559673,0.42128432713748276,1.2171856914614667,-1.5509402390994995
2024/05/15 1:49:40.386 pm,7.016090393066406,6.927815914154053,1.9052947759628296,0.5501028587517751,-0.2717941871032516,-0.4514510429795964,0.647847852673992,0.5293598441836829,1.2805361679035474,-1.61568320846805
2024/05/15 1:49:40.396 pm,5.3289995193481445,9.031072616577148,2.2577617168426514,0.5852345665304693,-0.2649684035458938,-0.41264285445416127,0.6457693840773518,0.678575063047379,1.3446056469753027,-1.684958693251506
2024/05/15 1:49:40.405 pm,3.676738739013672,8.05838394165039,1.697620153427124,0.6141554738075423,-0.2515935298810161,-0.37422721135438203,0.6476633404014568,0.843655440699812,1.3907659922142026,-1.7644878485228102
2024/05/15 1:49:40.415 pm,2.4513044357299805,6.161667346954346,1.174594759941101,0.6353563420202775,-0.2385490872680503,-0.3435227562756941,0.6491600234005749,1.0145836699013817,1.4209227041629915,-1.865515688144771
2024/05/15 1:49:40.425 pm,0.5937275290489197,4.331632614135742,0.999525785446167,0.6479394741775526,-0.22731744766842593,-0.32109818888103686,0.652224796285188,1.1259718377803902,1.4379343588895555,-1.9242943300417725
2024/05/15 1:49:40.435 pm,-1.3171926736831665,1.5352250337600708,0.680597186088562,0.650487128100927,-0.21978148845554765,-0.30909577865930293,0.65804435718807,1.1022820430623073,1.4439503388097439,-1.870484727248935
2024/05/15 1:49:40.444 pm,-3.1912648677825928,-1.1849687099456787,0.5411742925643921,0.6425604858225433,-0.21765755375562437,-0.30902229591389724,0.6665181072757295,0.931837879599703,1.4371189117108825,-1.696862292408777
2024/05/15 1:49:40.455 pm,-4.672053337097168,-3.4580483436584473,0.3872734606266022,0.6249651950691762,-0.2208981985929279,-0.3193070470876334,0.67724846462698,0.6892036817030338,1.4130392643591603,-1.4756643216938956
2024/05/15 1:49:40.467 pm,-5.686110019683838,-5.298070430755615,0.3129185438156128,0.599455611346381,-0.22845795589386186,-0.3375076652548459,0.6888747241879957,0.47006580641555,1.3710264003646764,-1.2979087542445904
2024/05/15 1:49:40.477 pm,-6.102948188781738,-6.206574440002441,0.21366563439369202,0.5681296529954581,-0.23913891728167883,-0.36067762874372217,0.6999663605174192,0.3029574194425465,1.3165272383167845,-1.1865970691724552
2024/05/15 1:49:40.486 pm,-4.2892608642578125,-4.683773994445801,0.19179628789424896,0.5380185335612161,-0.2498429683118395,-0.3823472391435983,0.708466841100053,0.19142595313266614,1.264278696121788,-1.1301735836386395
2024/05/15 1:49:40.495 pm,-0.40511101484298706,2.6378581523895264,1.6552997827529907,0.5280659305823845,-0.2512567883111794,-0.3845023380858501,0.7142649446411181,0.14812369296215405,1.245561163418012,-1.0941258380671057
2024/05/15 1:49:40.505 pm,1.1322604417800903,5.357613563537598,2.962615489959717,0.5343530243268385,-0.2437999193636709,-0.3645214390869194,0.7226011159004606,0.1194901375857932,1.25319996106779,-1.0209641355656323
2024/05/15 1:49:40.515 pm,0.9513572454452515,7.6287617683410645,3.2607505321502686,0.5463663169900257,-0.23029429408155044,-0.33353805404075576,0.7329396998071889,0.09030457041565915,1.2680823947677136,-0.9205458126818078
2024/05/15 1:49:40.527 pm,0.17810466885566711,7.9178619384765625,2.698465347290039,0.5574136771792626,-0.2103583804505383,-0.300180229200029,0.7449370687633091,0.07309662965221352,1.2756757374924423,-0.8203012716870597
2024/05/15 1:49:40.535 pm,0.20409248769283295,7.5270304679870605,2.140371561050415,0.5666661355028695,-0.18821949883057174,-0.2689950819335792,0.755714634550029,0.07091092752134998,1.2790255714552814,-0.736680211054946
2024/05/15 1:49:40.545 pm,0.23874235153198242,5.74929666519165,1.3887596130371094,0.5747218099822257,-0.16782040597002904,-0.24260360001670322,0.7633311427603247,0.07986189901050152,1.2828664607822913,-0.6751048483573007
2024/05/15 1:49:40.555 pm,-0.11803298443555832,2.040745973587036,0.5292274951934814,0.5789653455047485,-0.15543183331425298,-0.22732695445745116,0.7674389192277724,0.08744694996269674,1.2845438917154488,-0.6413972259592611
2024/05/15 1:49:40.565 pm,-1.0276697874069214,-2.7026877403259277,-0.06948892027139664,0.5763975061265455,-0.1565673408165396,-0.22784656738717002,0.7689853410950557,0.07616654698205748,1.2793494258153344,-0.6327915905821296
2024/05/15 1:49:40.574 pm,-2.2077279090881348,-6.591832637786865,-0.12936745584011078,0.5645550094382578,-0.17274524579853545,-0.24346857830612115,0.7695192435802075,0.02984264667712848,1.2629487098356327,-0.6346777020067256
2024/05/15 1:49:40.585 pm,-2.472327470779419,-7.860190391540527,0.546759307384491,0.5454876842356372,-0.19858287454651108,-0.2656491936987389,0.769700270365349,-0.048676473717808734,1.238300973370386,-0.629973721691861
2024/05/15 1:49:40.595 pm,1.1841410398483276,-5.626890182495117,1.5168870687484741,0.5309651604638804,-0.2277944419004588,-0.28257921436849814,0.7657249285287588,-0.14571240114327622,1.2282024422706201,-0.6042367935764652
2024/05/15 1:49:40.605 pm,4.763782501220703,-3.680593490600586,2.5767691135406494,0.5332638725871491,-0.25420742395051416,-0.28257408659275957,0.7557514034513476,-0.26777387176695194,1.2522596095468344,-0.5214010650326016
2024/05/15 1:49:40.615 pm,7.332787036895752,-2.9487626552581787,3.171189308166504,0.5480017631874944,-0.2832318798916143,-0.2724723139207589,0.7383986025129339,-0.4642221706347794,1.3002804351633301,-0.3513197701238156
2024/05/15 1:49:40.624 pm,8.213566780090332,-0.9574702978134155,3.113072633743286,0.5692612892052937,-0.31026695889920236,-0.25488377768947457,0.7174330903636684,-0.7715567355731149,1.3466211602135458,-0.05616110815592354
2024/05/15 1:49:40.635 pm,7.778738975524902,1.932777762413025,2.169693946838379,0.594103939407885,-0.32612720248231863,-0.23093958804604367,0.6981034513143958,-1.1482110833377248,1.3710824652990037,0.33416409419167453
2024/05/15 1:49:40.645 pm,6.8772687911987305,3.4952027797698975,0.4890764355659485,0.6204170298226579,-0.32857826488351377,-0.20540297770290847,0.6818567426422026,-1.4972392352061406,1.375823725328724,0.7189804122690139
2024/05/15 1:49:40.655 pm,5.354860782623291,2.479975700378418,-1.8443596363067627,0.6453798857789956,-0.32188337869520406,-0.18761706335892908,0.6668400411738115,-1.7826604496896095,1.3782070074810733,1.041946953092639
2024/05/15 1:49:40.665 pm,3.7354977130889893,-0.10710322856903076,-4.04079532623291,0.6663415681769388,-0.3121491284595932,-0.18613532079911696,0.6510801896012912,-2.0529146219629655,1.3910414381899154,1.3297210005334992
2024/05/15 1:49:40.674 pm,1.6543753147125244,-3.3934080600738525,-4.8348236083984375,0.6804281207411896,-0.30500930937091764,-0.2028382668277563,0.6346995558188212,-2.360143851593689,1.412326876349324,1.6231092495560475
2024/05/15 1:49:40.685 pm,-0.5881630778312683,-5.344051837921143,-2.975221872329712,0.6835169725926844,-0.3058280806601416,-0.23002930106860633,0.6215787952820891,-2.6455019544123193,1.4322525492563007,1.866299800044921
2024/05/15 1:49:40.695 pm,-3.2170567512512207,-4.897529125213623,-1.0654828548431396,0.6741104932393283,-0.3133276747433061,-0.25689188261967344,0.6175818343120996,-2.77273873960456,1.4577712463231849,1.9412938480635236
2024/05/15 1:49:40.705 pm,-4.956481456756592,-2.7724449634552,-0.5285251140594482,0.657105602700534,-0.31736419421213646,-0.2790199916361522,0.6242115607139213,-2.715461794539234,1.4993351603727232,1.8442131073591408
2024/05/15 1:49:40.715 pm,-5.897487163543701,0.30947625637054443,-0.07683635503053665,0.638515960406761,-0.3124363370400627,-0.29265694343238524,0.6395567046266878,-1.960402311743611,1.542783049610287,1.0760496096539167
2024/05/15 1:49:40.725 pm,-6.376241207122803,3.036155939102173,0.0772932916879654,0.620928490210448,-0.29779096547925915,-0.29657897957913465,0.6616714445540126,-0.46368687573654316,1.5131408524400305,-0.4042103071224316
2024/05/15 1:49:40.734 pm,-7.131753921508789,4.693737983703613,-0.00764582259580493,0.6040754079272862,-0.27461057164262964,-0.29397913235894746,0.6879376574353455,-0.1875973348992716,1.4490000438859,-0.6415513279900459
2024/05/15 1:49:40.745 pm,-8.767163276672363,5.139702796936035,-0.028739655390381813,0.5834433712790997,-0.24530877208429927,-0.28951605158040433,0.7180514252658188,-0.07257677145681246,1.37009168005334,-0.7072113956740717
2024/05/15 1:49:40.755 pm,-9.950008392333984,4.445703983306885,-0.1124863401055336,0.55576285036228,-0.21367352982404214,-0.2867136454797555,0.7505108301424307,-0.007008178724786109,1.275576853800417,-0.7246360346776997
2024/05/15 1:49:40.765 pm,-9.324777603149414,3.3507022857666016,-0.2678663432598114,0.5239392085225448,-0.18405062951461568,-0.28658841012344527,0.7806919950013314,0.033742983080039625,1.177273137541372,-0.7261724177404794
2024/05/15 1:49:40.777 pm,-6.49164342880249,2.154909372329712,-0.34096193313598633,0.496316888118182,-0.1608369385231892,-0.2877705128373556,0.8031122075863357,0.059872145749479765,1.0968290687956768,-0.7247179950211946
2024/05/15 1:49:40.786 pm,-2.839768171310425,0.9274634122848511,-0.09645313024520874,0.47983157552530403,-0.14714843271258524,-0.2885074098979038,0.8153971940346435,0.0742280502183116,1.0499803878114715,-0.7231621999785578
2024/05/15 1:49:40.795 pm,0.0595991276204586,-0.3246099352836609,0.23750486969947815,0.4747814414551112,-0.14428812476465194,-0.2885873359570619,0.8188289465188521,0.07421854874394178,1.0368572085738867,-0.7200452343313953
2024/05/15 1:49:40.805 pm,2.1728625297546387,-0.3633309602737427,1.0625375509262085,0.4783500483709295,-0.14922300521528245,-0.2863138987283409,0.8166627588093985,0.060562904288273156,1.0486497327687327,-0.7094326668928254
2024/05/15 1:49:40.815 pm,4.349864959716797,0.5366811156272888,2.0811147689819336,0.49050872743122337,-0.15728654332639677,-0.27710015791870685,0.81109647473851,0.03554885148377477,1.0819347353346074,-0.6797664561965536
2024/05/15 1:49:40.825 pm,6.413015842437744,1.0211085081100464,2.4369194507598877,0.5116369222908306,-0.16714470279420163,-0.2612983612701339,0.8012573273602458,-0.0011223930691859167,1.1367105816388445,-0.6297547553256376
2024/05/15 1:49:40.835 pm,7.512413501739502,1.5641899108886719,2.140523910522461,0.5392816462307717,-0.17711041188864593,-0.24263815893730925,0.7867234343496069,-0.04769306151055624,1.2067914472831205,-0.56544950362121
2024/05/15 1:49:40.845 pm,7.33724308013916,2.9393012523651123,1.5833289623260498,0.5693877292509045,-0.18249970549965305,-0.222472795118771,0.7700631719997416,-0.09698495981664206,1.280403531663862,-0.49022335026186376
2024/05/15 1:49:40.855 pm,6.419724941253662,4.536404609680176,1.0158554315567017,0.5986769651129843,-0.17922238407598365,-0.20016002899849966,0.7545867612330345,-0.13983510955638767,1.347865833709856,-0.4068243700868197
2024/05/15 1:49:40.865 pm,4.988600254058838,5.285587310791016,0.4997780919075012,0.6242083870752381,-0.16823239646354443,-0.17697659640486174,0.7421192144913887,-0.17345153365332944,1.403391287871642,-0.321499300057761
2024/05/15 1:49:40.876 pm,3.3227038383483887,4.786574363708496,-0.06401626020669937,0.6437170132755421,-0.15356245164123572,-0.15654100928667783,0.7331724050091603,-0.1882396800229188,1.4441316060485259,-0.2548081648809569
2024/05/15 1:49:40.886 pm,1.4667868614196777,3.2770321369171143,-0.7327011227607727,0.6558930484495216,-0.13910204152602737,-0.14285809170350094,0.7280429096888407,-0.14897496538816046,1.4685781681873502,-0.2529990568791516
2024/05/15 1:49:40.895 pm,-0.6441384553909302,1.3365689516067505,-1.4044097661972046,0.6597818725175552,-0.12746729544205412,-0.13891289552561584,0.7274222479426199,-0.022092543331002603,1.4737399696305653,-0.3573418166941564
2024/05/15 1:49:40.905 pm,-2.7634549140930176,-0.061583228409290314,-1.8700488805770874,0.6549147381783744,-0.11863953048876559,-0.14406228580788172,0.7322959091007398,0.13027179284472862,1.4555434089278527,-0.5045871017592343
2024/05/15 1:49:40.915 pm,-4.293666839599609,-0.8575188517570496,-2.136240005493164,0.6424481390362105,-0.11119304753431283,-0.15518710456666485,0.742167973418521,0.22542859101377316,1.4165026134546794,-0.6055550019278343
2024/05/15 1:49:40.925 pm,-4.703829288482666,-1.2129120826721191,-2.1293411254882812,0.6255617935941244,-0.10461840635387726,-0.16910809082881514,0.7544069329667165,0.2682488713726522,1.366677321325795,-0.6598793253242864
2024/05/15 1:49:40.937 pm,-3.9172158241271973,-0.9140876531600952,-1.887346625328064,0.6089062756653618,-0.09874963964528768,-0.18251857253558695,0.7656165474495157,0.28905824751472897,1.3188326299031676,-0.692744785490809
2024/05/15 1:49:40.945 pm,-2.333261013031006,-0.21309974789619446,-1.5903732776641846,0.5970461940326335,-0.09239013462470312,-0.19240753360595667,0.7732911768229773,0.31125931047396405,1.2832203833897675,-0.7210858303562904
2024/05/15 1:49:40.955 pm,-1.078790307044983,0.6801005601882935,-1.02910578250885,0.5913545877378381,-0.08587019312403218,-0.19763345339422964,0.7770888005619108,0.3374136366002701,1.2630270465992532,-0.7459784535907272
2024/05/15 1:49:40.965 pm,-0.28942322731018066,1.3152868747711182,-0.45017606019973755,0.5901086624462455,-0.07907265565972693,-0.19768234113869076,0.7787431330494153,0.361821959625723,1.2543544471599397,-0.7608042684953998
2024/05/15 1:49:40.975 pm,0.2146298587322235,1.452487826347351,-0.14414064586162567,0.5915101506823804,-0.07272095065471884,-0.1945913022276441,0.7790773143857315,0.3835771517838719,1.2531270547221782,-0.7688105847651215
2024/05/15 1:49:40.985 pm,0.6474398970603943,1.2961463928222656,-0.03659633919596672,0.5945415368705244,-0.06747477925285843,-0.19064797983581838,0.7782163909998324,0.4048616923334687,1.2567512585885707,-0.7765857253827275
2024/05/15 1:49:40.995 pm,1.0893211364746094,1.1432522535324097,0.017253918573260307,0.5991023301002489,-0.06356536029840588,-0.18676159131147968,0.7759871198197261,0.4282856645825179,1.264757611379728,-0.7884301246338407
2024/05/15 1:49:41.005 pm,1.3372251987457275,1.0885858535766602,0.03223126754164696,0.6048871023813597,-0.06043339136876156,-0.18288886821524947,0.7726649339484832,0.45566046479321093,1.2759792009129407,-0.8053214697111637
2024/05/15 1:49:41.015 pm,1.3313021659851074,1.130600094795227,0.02349461428821087,0.6110919835191998,-0.05748294349984642,-0.17900050904663511,0.7689091168950299,0.4864562255277701,1.2881736670533457,-0.82588875401368
2024/05/15 1:49:41.025 pm,1.1804401874542236,1.1280571222305298,-0.06649546325206757,0.6169575070161267,-0.054183416901971884,-0.17522106978878632,0.7653268065004049,0.5198314012848995,1.2991720880316149,-0.848754237909178
2024/05/15 1:49:41.035 pm,0.9673801064491272,1.084011197090149,-0.2552221715450287,0.6220844703427907,-0.05036449552195742,-0.17207464903313077,0.762144743685844,0.5560793873807356,1.3076245800908655,-0.8747456444177182
2024/05/15 1:49:41.045 pm,0.6873074769973755,0.9685226678848267,-0.45472222566604614,0.6262412303423422,-0.046037078632812804,-0.17001673121459043,0.7594714376154412,0.5947787435945313,1.3127046158429172,-0.9041187917839091
2024/05/15 1:49:41.055 pm,0.28386083245277405,0.7842073440551758,-0.5708063840866089,0.6289751419374764,-0.041477643054157506,-0.1691192258276417,0.7576731854876742,0.630554130858063,1.3137477934803636,-0.9320000852158195
2024/05/15 1:49:41.065 pm,-0.17091867327690125,0.7197599411010742,-0.6108680367469788,0.629916781269099,-0.036865548436967044,-0.1690171800237643,0.7571518687724124,0.6569961060053136,1.3106298169369406,-0.951704556948413
2024/05/15 1:49:41.075 pm,-0.42925184965133667,0.7051701545715332,-0.6811280250549316,0.629439944734238,-0.031836281753064646,-0.16926428599625692,0.7577211189663393,0.6758387764682404,1.304139998393446,-0.9637781761473322
2024/05/15 1:49:41.085 pm,-0.4662674069404602,0.6392505168914795,-0.7196834087371826,0.6283666425459016,-0.026645095922549086,-0.16987575597168594,0.7586748209836228,0.6918579081613868,1.2960889292087308,-0.9733511467434399
2024/05/15 1:49:41.096 pm,-0.3308374881744385,0.5619515776634216,-0.6923800706863403,0.6274116074335844,-0.021797323791965025,-0.17075486308642454,0.7594222780525193,0.7076798266184893,1.2883794068041592,-0.9836017599197537
2024/05/15 1:49:41.105 pm,-0.12887772917747498,0.5931366682052612,-0.6554867625236511,0.6270877125545528,-0.01726900037188544,-0.17152502888019378,0.7596326881937286,0.7256421767732749,1.282173530889079,-0.9962667804469694
2024/05/15 1:49:41.115 pm,0.03518732637166977,0.6474037766456604,-0.5980386734008789,0.6275166869580112,-0.012915298071777404,-0.17198114902463713,0.7592617151182549,0.7465236201028499,1.277655996507927,-1.011616205354018
2024/05/15 1:49:41.125 pm,0.04125320911407471,0.6316538453102112,-0.5245804786682129,0.6282854034815397,-0.008722345549344902,-0.1720908964368975,0.7586606363864493,0.7676123341908172,1.274118143959429,-1.0268858046870768
2024/05/15 1:49:41.135 pm,-0.05732889100909233,0.5766028165817261,-0.43876534700393677,0.6287997907904308,-0.004881032504925082,-0.17200741430577934,0.7582877443082959,0.7847762866323039,1.2706779426376293,-1.0384571069879096
2024/05/15 1:49:41.145 pm,-0.15584027767181396,0.4249153137207031,-0.3969438672065735,0.6288068037692,-0.0015265815076517468,-0.17197531451048345,0.7583034859477912,0.7966555947532887,1.2669001809509177,-1.045526166451901
2024/05/15 1:49:41.154 pm,-0.05987037718296051,0.1973813772201538,-0.34642818570137024,0.6286285287331761,0.0009324185325272613,-0.1724182481582044,0.7583515946357611,0.8053508189586187,1.2633892540549856,-1.0513815960412418
2024/05/15 1:49:41.165 pm,0.12506619095802307,0.028870122507214546,-0.2537325918674469,0.6288294261483687,0.0022621862391129454,-0.17323378201394968,0.7579963238282971,0.8136448037226331,1.2613982279605154,-1.0589722515674092
2024/05/15 1:49:41.175 pm,0.2689317464828491,0.00482364185154438,-0.1564321368932724,0.6295974053293095,0.0027671581214652506,-0.17397843027220203,0.7571861102540598,0.8226996839781878,1.2612831579750317,-1.0683749644255236
2024/05/15 1:49:41.186 pm,0.34146904945373535,0.04311031103134155,-0.10439343005418777,0.6307892365568303,0.0029955372237697874,-0.17439953776126468,0.7560958163892708,0.8328425332402852,1.2624257167183757,-1.0787738858282399
2024/05/15 1:49:41.195 pm,0.36704713106155396,0.10893993079662323,-0.07865690439939499,0.6321998369553264,0.0032480470853903766,-0.17448715914027005,0.7548953772166362,0.8437612020197103,1.2641655847020263,-1.0894214311597272
2024/05/15 1:49:41.205 pm,0.4234398305416107,0.13126973807811737,-0.1009097471833229,0.6337989541402627,0.003624066776291888,-0.1744566242640233,0.7535587065611921,0.856245997742258,1.2661228529470605,-1.1012829577039742
2024/05/15 1:49:41.215 pm,0.45142537355422974,0.22729213535785675,-0.12397858500480652,0.6356147002339967,0.004261619003214822,-0.17433070305631354,0.7520535395819073,0.8710801079954751,1.2681352587348902,-1.1149786881367287
2024/05/15 1:49:41.225 pm,0.4425205886363983,0.29297900199890137,-0.17057298123836517,0.637532965384581,0.00532032591387453,-0.17405575906897386,0.750485118424533,0.8878558519232019,1.269882173853881,-1.1298000992359845
2024/05/15 1:49:41.234 pm,0.3596230149269104,0.36662018299102783,-0.20978696644306183,0.6393445813500304,0.006816979767474251,-0.17373959125688543,0.7490037178075191,0.9053408393511326,1.2709238878614333,-1.144654264222571
2024/05/15 1:49:41.245 pm,0.24489670991897583,0.46525993943214417,-0.2568266689777374,0.6408111194947497,0.008857905758945607,-0.17329807212297293,0.747830547731598,0.9217385037547696,1.2708966944584816,-1.1574767272975186
2024/05/15 1:49:41.255 pm,0.21521185338497162,0.563404381275177,-0.2504119575023651,0.6420978910117154,0.011413996266891373,-0.1726138304242879,0.7468497221443938,0.9377767341312999,1.2702025097016985,-1.1688608471540889
2024/05/15 1:49:41.265 pm,0.2059139609336853,0.630349338054657,-0.16821427643299103,0.6434010280626046,0.014159423598321771,-0.17148764317915602,0.7459401310926725,0.9534043594963872,1.269730462457654,-1.1789225908952667
2024/05/15 1:49:41.275 pm,0.16432686150074005,0.6104529500007629,-0.05333849787712097,0.6446173972673802,0.01671562495984291,-0.16989183451457301,0.7452018925839461,0.9666551075112982,1.2698638648500178,-1.1861951722471196
2024/05/15 1:49:41.285 pm,0.1376848667860031,0.5152928829193115,0.08035458624362946,0.6456591299132828,0.018631327664489973,-0.16802211101651982,0.7446782802667654,0.9760109602300885,1.2708613778118982,-1.1900882215321145
2024/05/15 1:49:41.296 pm,0.1376848667860031,0.5152928829193115,0.08035458624362946,0.6456591299132828,0.018631327664489973,-0.16802211101651982,0.7446782802667654,0.9760109602300885,1.2708613778118982,-1.1900882215321145
2024/05/15 1:49:41.305 pm,0.2439587116241455,0.29409059882164,0.12330633401870728,0.6478281432916555,0.02040973157826984,-0.1644902911288101,0.7435355374710334,0.989968985000277,1.2752806525001932,-1.1963403960792702
2024/05/15 1:49:41.315 pm,0.2122216820716858,0.19012121856212616,0.04591352120041847,0.6489037782280638,0.020847727006706476,-0.1634051236445873,0.7428243212998601,0.9973132170620196,1.2772707180079808,-1.201465041713104
2024/05/15 1:49:41.325 pm,0.18123075366020203,0.1349778026342392,-0.036147791892290115,0.6497496098247708,0.02125064539538415,-0.162922177658655,0.7421793652130477,1.0042269785232618,1.2783348311439313,-1.2070898323831256
2024/05/15 1:49:41.335 pm,0.1943131387233734,0.2647469937801361,-0.08829588443040848,0.6505763364454743,0.022021452515799757,-0.16256189545581207,0.7415113750317011,1.0124300773290587,1.2787607380285888,-1.2136614617015389
2024/05/15 1:49:41.345 pm,0.2208257019519806,0.46954968571662903,-0.07329270243644714,0.65163730831645,0.02350944635256006,-0.16169589464018647,0.7407229431097088,1.0235332464610054,1.279118149242517,-1.2213777198364855
2024/05/15 1:49:41.355 pm,0.19542597234249115,0.5529322624206543,0.0008082881104201078,0.6528451913331491,0.02538080002079003,-0.16016110653031299,0.7399305790822875,1.0354912515139392,1.2799105400121265,-1.2284324406167382
2024/05/15 1:49:41.365 pm,0.15633875131607056,0.520152747631073,0.05665877088904381,0.6539299595741218,0.027162019132897515,-0.15829439090031222,0.7393109492097321,1.04549742623152,1.2810485461210723,-1.23318527009928
2024/05/15 1:49:41.375 pm,0.11911708116531372,0.38911688327789307,0.07654863595962524,0.6548107252994892,0.0285138519868337,-0.15656796546623114,0.7388479236999179,1.0529495274004728,1.2823337696204837,-1.2362017789834467
2024/05/15 1:49:41.385 pm,0.0945315733551979,0.2505047023296356,0.062418438494205475,0.6554577944986508,0.029383681683536753,-0.15526978278355238,0.7385139098700452,1.0580495513188086,1.2834686202961736,-1.2381758970189636
2024/05/15 1:49:41.395 pm,0.09651463478803635,0.12048841267824173,0.046694010496139526,0.6559575533229184,0.029810490753476804,-0.15448566775230366,0.7382175777146588,1.0617958944926034,1.2844002672337875,-1.2401729391533391
2024/05/15 1:49:41.405 pm,0.13404524326324463,-0.009017382748425007,0.027307258918881416,0.6564256351872184,0.02980273356841457,-0.15418643470878352,0.73786427787767,1.0651164378116655,1.2852776726417905,-1.2430640789844327
2024/05/15 1:49:41.414 pm,0.17500418424606323,-0.073204405605793,-0.004625644534826279,0.656973189166094,0.02948538175602876,-0.15429957869087868,0.7373658216571668,1.0691691701692785,1.2861462837900552,-1.2477231539161369
2024/05/15 1:49:41.425 pm,0.2229541391134262,-0.15747374296188354,-0.03952663764357567,0.6576159220505085,0.028984226368026614,-0.15478952226608622,0.7367097935065482,1.0743882501447106,1.2868996326818782,-1.25435416206127
2024/05/15 1:49:41.435 pm,0.26542460918426514,-0.20528529584407806,-0.04211505129933357,0.6583704407556237,0.028257253726523594,-0.15559799887772224,0.7358933226252802,1.0806853803906535,1.2876718365350646,-1.2628437472952576
2024/05/15 1:49:41.445 pm,0.25583457946777344,-0.15720590949058533,0.014914941042661667,0.6591872735048366,0.027410115471572127,-0.1563285455705612,0.7350388900388082,1.0870805336200096,1.2887452723010893,-1.2714880342864872
2024/05/15 1:49:41.456 pm,0.22886428236961365,0.05975138396024704,0.08151646703481674,0.6600475199678019,0.02684496288099043,-0.15636153548606616,0.7342804155453556,1.0932041240306025,1.2903243407228826,-1.2784489203415017
2024/05/15 1:49:41.465 pm,0.21261075139045715,0.21886087954044342,0.08630029857158661,0.6609822358488688,0.02693265207203799,-0.155579329673491,0.7336022220052497,1.100121965729163,1.2921030787330714,-1.284095944535602
2024/05/15 1:49:41.475 pm,0.1916627436876297,0.3221965432167053,0.07790635526180267,0.6619535538039831,0.027501832067619435,-0.15439239162560112,0.7329556795520233,1.1079203002231661,1.2937703917951997,-1.2893547066352837
2024/05/15 1:49:41.485 pm,0.1757040172815323,0.3404522240161896,0.020768774673342705,0.6628946547436289,0.028432086759831412,-0.15311081359778658,0.7323382816707131,1.1163260893342597,1.2950407372707045,-1.2945736589842483
2024/05/15 1:49:41.495 pm,0.15411487221717834,0.2499433010816574,-0.03464466705918312,0.6637367259708595,0.029440111885025752,-0.15216217404500554,0.731733163129485,1.1248120487119646,1.2956925239647028,-1.3002470494853062
2024/05/15 1:49:41.505 pm,0.11302150785923004,0.10253466665744781,-0.06261611729860306,0.6643537842001062,0.030165649849500587,-0.15177202354511443,0.7312244687379065,1.1316578211456176,1.295802531112136,-1.3054925330165625
2024/05/15 1:49:41.515 pm,0.09972997009754181,-0.06511982530355453,-0.06195181608200073,0.6647341513777347,0.03036241942852853,-0.15196586412174773,0.7308303135049303,1.1361025296789713,1.2956580282826926,-1.3099347959987848
2024/05/15 1:49:41.525 pm,0.1315358281135559,-0.10379158705472946,0.018111862242221832,0.6650784559104543,0.030003402282983864,-0.15242097929832132,0.7304370211490931,1.139268093917247,1.295886044839001,-1.314264367074094
2024/05/15 1:49:41.535 pm,0.1427733153104782,0.06093655526638031,0.10160040855407715,0.6655661446120402,0.029585657573314588,-0.15231788995779202,0.7300312556699312,1.1424975891500286,1.2970146924751864,-1.317931121335276
2024/05/15 1:49:41.545 pm,0.14742478728294373,0.31106036901474,0.17820757627487183,0.6662687224117643,0.02980961627956048,-0.151316154470719,0.729589472820186,1.147652892520235,1.2986044486013317,-1.3213109730121948
2024/05/15 1:49:41.555 pm,0.1143529862165451,0.5594490766525269,0.20876359939575195,0.6670818624447694,0.030724908957925214,-0.14921498052279084,0.7292411930620399,1.1535295645378447,1.3007476556317703,-1.322841224928449
2024/05/15 1:49:41.565 pm,0.054832667112350464,0.6228424310684204,0.16246479749679565,0.6678774771345504,0.03223752182638445,-0.1465069470553087,0.7289966314698649,1.1597014530909928,1.302843116372985,-1.3229452931991317
2024/05/15 1:49:41.575 pm,-0.018652401864528656,0.5279344916343689,0.06872577965259552,0.6683786037650197,0.03396417545479278,-0.1441328126012503,0.7289321460193268,1.1643739277305194,1.3039777218588333,-1.32173504051793
2024/05/15 1:49:41.585 pm,-0.02517954260110855,0.3483967185020447,-0.009058766067028046,0.6686043690472007,0.035496134527696295,-0.14255353665288056,0.7289627905788909,1.1675033275781812,1.3041318195705187,-1.3204100946522892
2024/05/15 1:49:41.595 pm,0.01839020475745201,0.1641615480184555,-0.03878781199455261,0.668758793260555,0.0365248248284725,-0.14180957261010993,0.7289153645371512,1.1702712715612997,1.3038388827601495,-1.3206443380107822
2024/05/15 1:49:41.605 pm,0.06067987158894539,0.04275442287325859,-0.005742776207625866,0.6689725150447681,0.03695253716818825,-0.1415638181233662,0.728745427453989,1.1729926522961638,1.303767090256873,-1.3224027584204354
2024/05/15 1:49:41.615 pm,0.13601642847061157,-0.02346756123006344,0.04745657369494438,0.6693232739787237,0.03682432265443635,-0.1415045524442849,0.7284413027218093,1.1759347209072029,1.3043163205244288,-1.3254379698496996
2024/05/15 1:49:41.625 pm,0.24082699418067932,0.055443231016397476,0.11049306392669678,0.6700342836165663,0.03644657442787916,-0.14122538425620293,0.7278605251557857,1.1813273424871862,1.305781616957881,-1.3309569512654242
2024/05/15 1:49:41.635 pm,0.30010032653808594,0.27002495527267456,0.1264665275812149,0.6711758524262582,0.036425081393421266,-0.14028680129544507,0.7269907819794372,1.190711174202494,1.3079618159392847,-1.3390072090590976
2024/05/15 1:49:41.645 pm,0.2872479259967804,0.4234006702899933,0.09798960387706757,0.6725333251872594,0.037117132288114904,-0.13874546208577823,0.7259964703418639,1.2031283784620634,1.3101125759600192,-1.348209305262668
2024/05/15 1:49:41.655 pm,0.1692221611738205,0.42513060569763184,0.028678501024842262,0.6737119310134161,0.03832409898705578,-0.13706367759716503,0.7251599244459239,1.214993368989098,1.311583720274161,-1.3559298964731505
2024/05/15 1:49:41.665 pm,-0.030679769814014435,0.2567112445831299,-0.07155436277389526,0.6742079316861342,0.03961463358224052,-0.1359759217995537,0.7248343053942693,1.2213202634648728,1.3116332762779745,-1.3588562521884053
2024/05/15 1:49:41.675 pm,-0.1907181590795517,0.06504780799150467,-0.1516214907169342,0.6738645495924904,0.040658113431094954,-0.1358326394251425,0.7251226893281217,1.2202160766337165,1.310149739687497,-1.3560687755293306
2024/05/15 1:49:41.685 pm,-0.20793044567108154,-0.032683275640010834,-0.17500005662441254,0.673071253286381,0.041398548161076285,-0.1363815615079101,0.7257143475128297,1.215109066911337,1.3078291955419448,-1.3507087305588579
2024/05/15 1:49:41.695 pm,-0.07684217393398285,-0.004785663913935423,-0.13162219524383545,0.6724780437073219,0.04194119400135233,-0.13699988288028414,0.7261165818763978,1.2117012593674026,1.305836567964844,-1.3474271081893918
2024/05/15 1:49:41.705 pm,0.04186663776636124,0.053492289036512375,-0.059119779616594315,0.6724354989925534,0.04237830701560266,-0.13725347416337655,0.7260827085660496,1.212841751219686,1.3048888888444532,-1.3483137459074328
2024/05/15 1:49:41.715 pm,0.07796688377857208,0.057866550981998444,0.0026402282528579235,0.6726956144249994,0.042644397235773096,-0.13717344333304227,0.7258411988517168,1.2159359541142007,1.3048378545590797,-1.350913420253534
2024/05/15 1:49:41.725 pm,0.0754251629114151,0.014076195657253265,0.0324987918138504,0.672999873076513,0.04265467454897911,-0.13699295560919258,0.7255926427366648,1.2186490945270274,1.3052936874105454,-1.353349653585816
2024/05/15 1:49:41.735 pm,0.07705602049827576,0.08967281877994537,0.03633171692490578,0.6733082972138669,0.042631145675308145,-0.1367367510227058,0.7253561270101019,1.2211972895020884,1.3058941184124955,-1.3555597251917857
2024/05/15 1:49:41.745 pm,0.07705602049827576,0.08967281877994537,0.03633171692490578,0.6733082972138669,0.042631145675308145,-0.1367367510227058,0.7253561270101019,1.2211972895020884,1.3058941184124955,-1.3555597251917857
2024/05/15 1:49:41.755 pm,0.14413867890834808,0.3232997953891754,0.001805356703698635,0.6746679159713342,0.04365780398533701,-0.13487524989702915,0.7243796627552519,1.2341221676144396,1.307951505681539,-1.3643372134903673
2024/05/15 1:49:41.765 pm,0.14413867890834808,0.3232997953891754,0.001805356703698635,0.6746679159713342,0.04365780398533701,-0.13487524989702915,0.7243796627552519,1.2341221676144396,1.307951505681539,-1.3643372134903673
2024/05/15 1:49:41.775 pm,0.14840184152126312,0.24005016684532166,0.01628059521317482,0.6766271121636322,0.04550673724300298,-0.1326482779129461,0.7228480849896847,1.2547636948120005,1.3097654406627326,-1.3791377210063616
2024/05/15 1:49:41.785 pm,0.08236663043498993,0.10859972983598709,0.03391312062740326,0.6771537606700991,0.045987749913334625,-0.13199371153649436,0.7224441333327507,1.2602445828659956,1.3103352282141645,-1.3829911880118178
2024/05/15 1:49:41.795 pm,0.04152015969157219,-0.028214910998940468,0.055977027863264084,0.6773186479575395,0.0459633440465812,-0.13174753443088938,0.7223361336674686,1.261483986431984,1.3108055622468358,-1.3839099249876312
2024/05/15 1:49:41.807 pm,0.019091015681624413,-0.1569119095802307,0.07045157253742218,0.6772931032819747,0.045430338724026964,-0.1318812661340572,0.7223692928361225,1.2601622206374679,1.3113363198233352,-1.3835365947139344
2024/05/15 1:49:41.818 pm,-0.023070886731147766,-0.24187345802783966,0.1007782444357872,0.6771671749042574,0.04446501547976547,-0.1323482786120965,0.7224620372430353,1.2573077701880917,1.3119480273097446,-1.3827238963741397
2024/05/15 1:49:41.825 pm,-0.047373559325933456,-0.25723427534103394,0.11332066357135773,0.6769130727609699,0.043280769840244544,-0.13285353126137114,0.7226792924264022,1.2526687060189605,1.312717594131692,-1.3804927291919542
2024/05/15 1:49:41.835 pm,-0.009219784289598465,-0.11406861245632172,0.11841955035924911,0.6767137751597774,0.04218460977383163,-0.13310190469822109,0.7228850369518166,1.2483734478949753,1.3137410608914055,-1.3781102432896557
2024/05/15 1:49:41.845 pm,0.04769516363739967,0.20755015313625336,0.08799320459365845,0.676820687887301,0.041865581449853556,-0.13248256068480874,0.722917259885469,1.2476686299858104,1.3150619649309794,-1.3769652589990427
2024/05/15 1:49:41.855 pm,0.0769466906785965,0.3994876444339752,0.021924346685409546,0.6772816736895341,0.04276395280496579,-0.131167440790081,0.7226726716015689,1.2524552302163623,1.3158920484723373,-1.3785825640235128
2024/05/15 1:49:41.865 pm,0.03503306582570076,0.3203718066215515,-0.023503586649894714,0.6777913137404588,0.04412300385240918,-0.12995147321510062,0.722332811428514,1.2590708348101356,1.3159978594547648,-1.3815188380376988
2024/05/15 1:49:41.875 pm,-0.025806983932852745,0.04687102884054184,-0.05566585808992386,0.6780197349434923,0.04505896338857894,-0.1295273044882794,0.7221367511106532,1.2630279254137686,1.3154394162864174,-1.3835374296908862
2024/05/15 1:49:41.885 pm,-0.025806983932852745,0.04687102884054184,-0.05566585808992386,0.6780197349434923,0.04505896338857894,-0.1295273044882794,0.7221367511106532,1.2630279254137686,1.3154394162864174,-1.3835374296908862
2024/05/15 1:49:41.895 pm,-0.05744480341672897,-0.19826921820640564,-0.07246214896440506,0.6779170963836428,0.04513256047878508,-0.13012562609464312,0.7221209806553724,1.2630943839970004,1.3144803607493158,-1.3843609116846447
2024/05/15 1:49:41.906 pm,-0.07912186533212662,-0.2598037123680115,-0.042564962059259415,0.6771264957067941,0.04385697093874877,-0.13252386180585649,0.7225052171224678,1.255715301010286,1.3125160695937281,-1.3822465427942114
2024/05/15 1:49:41.915 pm,-0.07912186533212662,-0.2598037123680115,-0.042564962059259415,0.6771264957067941,0.04385697093874877,-0.13252386180585649,0.7225052171224678,1.255715301010286,1.3125160695937281,-1.3822465427942114
2024/05/15 1:49:41.925 pm,0.002269524848088622,-0.1970801204442978,-0.00566027220338583,0.6768293713584571,0.04320708141461344,-0.13344476277438286,0.7226531942435881,1.2525983800445855,1.3119827212071573,-1.3813787409961429
2024/05/15 1:49:41.935 pm,0.07937309890985489,-0.07529802620410919,0.06199680641293526,0.6768474532244411,0.0426161347645791,-0.1339070623838332,0.722585780566318,1.252123063676806,1.3121906335445797,-1.3824068839872605
2024/05/15 1:49:41.945 pm,0.07698430866003036,0.09752892702817917,0.08545253425836563,0.6770913597529868,0.04233719136362362,-0.1336296146396702,0.7224250637979415,1.2535136648625684,1.31310349018785,-1.3837919003413361
2024/05/15 1:49:41.955 pm,0.010628721676766872,0.21552693843841553,0.03154616057872772,0.6773133881386277,0.042642147020368476,-0.13280883444125618,0.7223502402201712,1.2551973743743021,1.3139206762015492,-1.3838600773571754
2024/05/15 1:49:41.965 pm,-0.07007451355457306,0.19722160696983337,-0.05127297714352608,0.6773279442313582,0.04337686057879799,-0.13205622062438663,0.7224309610870716,1.255882359907947,1.3139227124938953,-1.3824198732523836
2024/05/15 1:49:41.975 pm,-0.12710291147232056,0.10258138179779053,-0.13208074867725372,0.6771115357721077,0.04429036776653932,-0.13181875708493024,0.722621759965153,1.2554575904380707,1.3128443456669883,-1.3803593486031105
2024/05/15 1:49:41.985 pm,-0.11381316930055618,-0.017187872901558876,-0.1835559606552124,0.6767584277853177,0.04510971264070829,-0.13222110469025264,0.722828297884373,1.2544586658839227,1.310957393804396,-1.3787798899309816
2024/05/15 1:49:41.995 pm,-0.10192881524562836,-0.09962708503007889,-0.15963038802146912,0.67635870549,0.04555685758203227,-0.1330524682272828,0.7230217135233611,1.2528071693770537,1.3089788938627345,-1.3776936550731098
2024/05/15 1:49:42.005 pm,-0.06157250329852104,-0.11537829041481018,-0.10194332897663116,0.6759500650209531,0.04566108520448847,-0.13388366515494252,0.7232438169227466,1.250268016017855,1.3074598722606394,-1.3762061522048157
2024/05/15 1:49:42.015 pm,-0.008718611672520638,-0.07928846031427383,-0.0318840816617012,0.6756610999241102,0.04555854339998703,-0.13449056580562935,0.7234077396909213,1.2480962556303492,1.3065995059257203,-1.3750557441456595
2024/05/15 1:49:42.025 pm,0.05565804988145828,0.004421482793986797,0.03851182013750076,0.6756017898046126,0.04543562504635682,-0.1346792645025091,0.723435776238155,1.2475105395862933,1.306476944215988,-1.374916536394987
2024/05/15 1:49:42.035 pm,0.15135660767555237,0.08491525799036026,0.08932039886713028,0.675938642317133,0.045357864597816475,-0.1344050971404184,0.723176899381591,1.250265447608737,1.3071792052501503,-1.377384732193011
2024/05/15 1:49:42.045 pm,0.17905321717262268,0.21654243767261505,0.1101294606924057,0.676642548379895,0.045445500568353406,-0.13355436942366722,0.722670540982421,1.2562261061857034,1.3086670131828266,-1.3819916647368646
2024/05/15 1:49:42.055 pm,0.1738874912261963,0.2706133723258972,0.08598870784044266,0.6775209880842465,0.04582637372717566,-0.1323184961571858,0.7220505335350913,1.2641320466924266,1.3103744201876104,-1.3875730527682084
2024/05/15 1:49:42.065 pm,0.12456770986318588,0.2404729723930359,0.040788475424051285,0.6783325330809279,0.04633602948619836,-0.13111691775193737,0.7214750061187527,1.2718101246052194,1.311806036426808,-1.392794529197814
2024/05/15 1:49:42.075 pm,0.08834445476531982,0.142136812210083,-0.011261943727731705,0.6789168397574883,0.04679699245095062,-0.13029529573357423,0.7210444093201718,1.2776793165145264,1.3126447768481777,-1.3968247561672813
2024/05/15 1:49:42.085 pm,0.03349898383021355,0.01395792979747057,-0.05361754819750786,0.6791972587011242,0.04710389613725578,-0.1301179706417111,0.7207923164448821,1.2810358057084925,1.312639593207615,-1.3994895183267069
2024/05/15 1:49:42.095 pm,-0.004047593101859093,-0.09806741029024124,-0.04424029216170311,0.6791538614345344,0.04715268193800177,-0.13050194798218387,0.7207606869320912,1.2812736784732692,1.3120353839114556,-1.4002109275145298
2024/05/15 1:49:42.105 pm,-0.008228056132793427,-0.1497630625963211,0.00115252158138901,0.6789315720086143,0.04687531177901449,-0.13112110056528303,0.7208757236075161,1.2792605981751506,1.3114502855801549,-1.3994832724728241
2024/05/15 1:49:42.115 pm,-0.0017166279722005129,-0.13715486228466034,0.07005514949560165,0.6786921963560449,0.046324575919025515,-0.13161926395024162,0.7210459713310353,1.2762656047408938,1.311388850256772,-1.3979874396195913
2024/05/15 1:49:42.125 pm,-0.022292610257864,-0.0738128274679184,0.11527619510889053,0.6784726068530228,0.04571750774512411,-0.13178473021676063,0.7212611652878109,1.2728392478852164,1.311857133923926,-1.3956611813153057
2024/05/15 1:49:42.135 pm,-0.04963928088545799,0.03685750067234039,0.10682012140750885,0.6782364199880727,0.04536090631424838,-0.13151970324514384,0.7215540531331568,1.269151786227073,1.3125399863023153,-1.392099090890923
2024/05/15 1:49:42.145 pm,-0.0764768198132515,0.09102100133895874,0.06213997304439545,0.6780403376373788,0.04537936463348064,-0.13099105659382887,0.721833331022883,1.266336489943813,1.313084329545757,-1.3884977955508484
2024/05/15 1:49:42.155 pm,-0.12090766429901123,0.07778774946928024,-0.001148188835941255,0.6777768584940083,0.04565617843794647,-0.13054369137511704,0.7221443102727034,1.2635593985666067,1.3131216169762485,-1.3846857940753856
2024/05/15 1:49:42.167 pm,-0.11122152209281921,-0.0031643761321902275,-0.0681915134191513,0.6770375425066657,0.046292422114531766,-0.1304345941204667,0.7228166491973563,1.257293169210029,1.311894635952307,-1.3773643176773045
2024/05/15 1:49:42.175 pm,-0.11122152209281921,-0.0031643761321902275,-0.0681915134191513,0.6770375425066657,0.046292422114531766,-0.1304345941204667,0.7228166491973563,1.257293169210029,1.311894635952307,-1.3773643176773045
2024/05/15 1:49:42.185 pm,-0.10019619017839432,-0.02785092405974865,-0.06933359801769257,0.6767500918404463,0.04654431554205706,-0.1306987172308607,0.7230218574086509,1.2553834834695465,1.3110051916081438,-1.37547906957104
2024/05/15 1:49:42.195 pm,-0.11455675959587097,-0.07595187425613403,-0.05384785309433937,0.6764016367469048,0.046741941115209996,-0.13114365304191836,0.7232547085318195,1.2530279276760425,1.309909140328752,-1.373485542470032
2024/05/15 1:49:42.205 pm,-0.11550913751125336,-0.08435265719890594,-0.01760029047727585,0.6759612690810548,0.046881599782205394,-0.1317543619178429,0.7235462692809802,1.2498910554573945,1.3086068807722058,-1.3710321506679537
2024/05/15 1:49:42.215 pm,-0.05184600502252579,-0.019455686211586,0.0380331426858902,0.675647104938551,0.04696185462507005,-0.1321108006866697,0.7237694845373716,1.2474963473415452,1.3078070526026908,-1.3690385603252568
2024/05/15 1:49:42.225 pm,-0.008989021182060242,0.07405362278223038,0.09190891683101654,0.6755989756693138,0.04699840807905702,-0.13188848365955924,0.7238525526006947,1.2467379747683582,1.3080141240313148,-1.367908556409122
2024/05/15 1:49:42.235 pm,-0.011550983414053917,0.12073857337236404,0.10869641602039337,0.6756756066095333,0.04699790221268075,-0.13116441274215845,0.7239126570516583,1.2463232478507495,1.3090182543285434,-1.3664518158737382
2024/05/15 1:49:42.244 pm,-0.02779722958803177,0.1488696038722992,0.042040079832077026,0.6757902462764763,0.04713637932908724,-0.13030136764783679,0.723952542595576,1.2464055812991954,1.3100438783678177,-1.3650950122289862
2024/05/15 1:49:42.255 pm,-0.06795050948858261,0.12294080853462219,-0.09069187194108963,0.6758274019011196,0.0476588479161104,-0.12976617438033966,0.7239798145586931,1.247195193272971,1.3100652779093511,-1.3643732746061663
2024/05/15 1:49:42.265 pm,-0.132206529378891,0.06713883578777313,-0.19569377601146698,0.6755644705985443,0.04851458151436925,-0.12989560700039077,0.7241450740995883,1.2468685002326843,1.3085486565860494,-1.3630204671736124
2024/05/15 1:49:42.275 pm,-0.16913631558418274,0.00617242231965065,-0.20786921679973602,0.6750101458084082,0.0494136581480866,-0.13044943618315183,0.7245016042547036,1.2444414901137006,1.3062066969488713,-1.3601181161640499
2024/05/15 1:49:42.285 pm,-0.18766313791275024,0.01053388137370348,-0.14816993474960327,0.6743127618213105,0.050151781177386855,-0.1310198336035529,0.7249971122858865,1.2402838275850039,1.3039521542456072,-1.3557381636297645
2024/05/15 1:49:42.295 pm,-0.1491519659757614,0.0257895328104496,-0.062306959182024,0.673648770688323,0.050712975048860916,-0.13133011267564948,0.7255189096721751,1.2356637046851968,1.3022950174168377,-1.3507722572753185
2024/05/15 1:49:42.305 pm,-0.061019495129585266,-0.006704804953187704,0.01296309009194374,0.6731926018527218,0.05098228370827593,-0.13141342253839342,0.7259083840510452,1.2320195241801106,1.3014791224205766,-1.3468685680712065
2024/05/15 1:49:42.315 pm,0.025488493964076042,-0.06655482947826385,0.05314912274479866,0.673042348138552,0.05077023510137878,-0.13145599025580396,0.7260549560252044,1.2300880281519353,1.301594028771263,-1.3453001617036426
2024/05/15 1:49:42.325 pm,0.07962919026613235,-0.12381839752197266,0.061194296926259995,0.6731477692414143,0.05019940270032316,-0.13158471483608744,0.7259734102758814,1.2298857028848564,1.3022733562901048,-1.3460924937203598
2024/05/15 1:49:42.335 pm,0.08715075999498367,-0.10413897037506104,0.041691169142723083,0.6733987763878765,0.049483519197969096,-0.13182996138402342,0.725745264126031,1.2309443632608046,1.303108787122625,-1.3485184583300318
2024/05/15 1:49:42.345 pm,0.08365719020366669,0.11494843661785126,-0.042132243514060974,0.673736867679003,0.04930479865003948,-0.13170070064277561,0.7254670428326847,1.233603171808792,1.3037738917553838,-1.351242697821391
2024/05/15 1:49:42.355 pm,0.05950605124235153,0.257363885641098,-0.17619018256664276,0.6741561607406589,0.05013549620720065,-0.13128862341421224,0.7250953336310798,1.2391375754749117,1.3035075889545917,-1.3550028396019989
2024/05/15 1:49:42.365 pm,0.014599861577153206,0.2753458619117737,-0.25418367981910706,0.6744382719001544,0.05174432856769012,-0.13106472366038704,0.7247602959954175,1.2455486216174423,1.3018388673416654,-1.358807141496452
2024/05/15 1:49:42.375 pm,-0.019771428778767586,0.2003839910030365,-0.25118017196655273,0.6745178599153046,0.05345567910045716,-0.13116527775699038,0.7245438267186286,1.2506972455038108,1.2994557065423336,-1.3616713752671223
2024/05/15 1:49:42.385 pm,-0.016927605494856834,0.09664630889892578,-0.20343421399593353,0.6744555801805501,0.05480894192740541,-0.13150835250565046,0.7244385002509247,1.2539257678789977,1.2971337526764817,-1.3634732855386766
2024/05/15 1:49:42.395 pm,0.009191347286105156,0.0351368710398674,-0.09239184111356735,0.6743900896510583,0.05555496772817678,-0.1318716298214501,0.7243765147456276,1.255657458216259,1.2956020977139795,-1.3646692930857094
2024/05/15 1:49:42.407 pm,0.08327389508485794,-0.05015605315566063,0.03758789598941803,0.6745264303567325,0.05557687715267348,-0.13204121632558807,0.7242171169461928,1.2572785328844767,1.295447059544939,-1.3665027107031325
2024/05/15 1:49:42.418 pm,0.1467447131872177,-0.0563608855009079,0.040233463048934937,0.6748950945192435,0.05514270699432714,-0.1321274635529334,0.7238910842346399,1.2599185157974457,1.296180145081256,-1.3698812446177568
2024/05/15 1:49:42.425 pm,0.1467447131872177,-0.0563608855009079,0.040233463048934937,0.6748950945192435,0.05514270699432714,-0.1321274635529334,0.7238910842346399,1.2599185157974457,1.296180145081256,-1.3698812446177568
2024/05/15 1:49:42.435 pm,0.17272092401981354,0.02834894135594368,-0.00035017920890823007,0.6754327704969648,0.05487852202761938,-0.13213411804118178,0.7234082411367175,1.2645033954891003,1.29690112511011,-1.3748478743213928
2024/05/15 1:49:42.445 pm,0.1149246022105217,0.11722759157419205,-0.05784052610397339,0.6759654278176063,0.05505873349963544,-0.1319727198104875,0.7229263434352916,1.269869420209762,1.2972315192657595,-1.3797229845343584
2024/05/15 1:49:42.454 pm,0.042683959007263184,0.19823242723941803,-0.11866073310375214,0.6762812119090698,0.05578971857721718,-0.13167195759067807,0.7226296924411761,1.2742238264163743,1.2968466745910088,-1.382605198387353
2024/05/15 1:49:42.465 pm,0.02630828134715557,0.20633605122566223,-0.15530754625797272,0.6764717503755598,0.05693186525935605,-0.1314392098572636,0.7224046218890727,1.2784092079258407,1.295727403109499,-1.3848332035147595
2024/05/15 1:49:42.475 pm,0.0665808692574501,0.1706387847661972,-0.11351829767227173,0.6767070571544214,0.05807209660612501,-0.13131022815426832,0.7221169322073727,1.2831514719469193,1.2944998248678055,-1.3877698138493462
2024/05/15 1:49:42.485 pm,0.12635944783687592,0.11988961696624756,-0.011515088379383087,0.6771463960084954,0.0588022976537949,-0.13113958635948705,0.7216768903242107,1.2888458718548514,1.2940122028588033,-1.3921797456078269
2024/05/15 1:49:42.495 pm,0.12599459290504456,0.1485750675201416,0.11541889607906342,0.6776930992507898,0.0590691448521445,-0.1306180107794281,0.7212363731806547,1.294051766951141,1.2946850428636292,-1.3962536035344184
2024/05/15 1:49:42.505 pm,0.1667032092809677,0.22319084405899048,0.2067195475101471,0.6783710483602268,0.05915099043826004,-0.12946471185052882,0.7208000962248036,1.2993181844671031,1.2965290278667632,-1.3997413821816662
2024/05/15 1:49:42.515 pm,0.21457113325595856,0.20484459400177002,0.2566189169883728,0.6792615024862279,0.05905357159272969,-0.12794982590093917,0.7202396565783818,1.305885463475578,1.2992241413466676,-1.4042643303017839
2024/05/15 1:49:42.529 pm,0.17283031344413757,0.2665077745914459,0.30777421593666077,0.6801959843860061,0.058739133272367544,-0.12627977703821583,0.719678044337988,1.3123445002807064,1.302444106131166,-1.408765041010123
2024/05/15 1:49:42.536 pm,-0.20625442266464233,0.1360538750886917,0.22834359109401703,0.6803241432851795,0.05856994115620911,-0.12447815639887194,0.7198845636034693,1.310913899142888,1.3051702689410551,-1.4049850222565832
2024/05/15 1:49:42.546 pm,-0.5529505014419556,-0.030633240938186646,0.05861704424023628,0.6789939596178787,0.05847527259573373,-0.12362924403147203,0.7212930429539527,1.2960688896853907,1.3056292599928485,-1.3890598463548753
2024/05/15 1:49:42.555 pm,-0.6735466718673706,-0.2585822641849518,-0.07576606422662735,0.6765876887110007,0.05833580409545429,-0.12398804874272075,0.7235005178340383,1.2720971498204505,1.3037601280573707,-1.3658115155910382
2024/05/15 1:49:42.565 pm,-0.5936498641967773,-0.321007639169693,-0.13825955986976624,0.6740425110288709,0.05803717199797666,-0.12522999666750784,0.7256830011540839,1.2481729885671422,1.300704483870302,-1.344107914891074
2024/05/15 1:49:42.575 pm,-0.46234723925590515,-0.28146475553512573,-0.06622238457202911,0.6718963713666097,0.0576248597095311,-0.12652015621994692,0.7274800042567982,1.2284522296651288,1.297924578148243,-1.3268384880599158
2024/05/15 1:49:42.585 pm,-0.3914307653903961,-0.19782677292823792,0.08341649919748306,0.6702299783806225,0.05699452557662429,-0.1271750175766755,0.7289511991537083,1.212026529606696,1.2965638522522474,-1.3122590401645793
2024/05/15 1:49:42.595 pm,-0.3507262170314789,-0.15068988502025604,0.19870047271251678,0.6687748650778457,0.056103679387717854,-0.12711646403498297,0.7303655516039979,1.195795373255908,1.2965768154612023,-1.2972174902698739
2024/05/15 1:49:42.605 pm,-0.1547243446111679,-0.10304949432611465,0.16569961607456207,0.6677852355474926,0.05518358217361527,-0.12676532932026355,0.731401513797506,1.1833288456124877,1.2973559372610455,-1.285558790728991
2024/05/15 1:49:42.615 pm,0.12194372713565826,-0.10665275156497955,0.0745883584022522,0.6676974570883478,0.05439756367342673,-0.1266710314258277,0.7315568141575001,1.1801296980235958,1.2984264060116584,-1.283340804099409
2024/05/15 1:49:42.625 pm,0.3854970633983612,-0.12390763312578201,-0.020045869052410126,0.6685723339154798,0.05372296305944633,-0.12702605266213357,0.7307456652838544,1.1871609667742133,1.2996490150493563,-1.2918350220129216
2024/05/15 1:49:42.635 pm,0.6004464030265808,-0.10036955773830414,-0.07953076809644699,0.6703038409138328,0.05312976294604127,-0.12775895162452874,0.7290730958879588,1.2033822839093178,1.3010006937593146,-1.3099419256017912
2024/05/15 1:49:42.646 pm,0.8050543069839478,0.06718476116657257,-0.11925972253084183,0.6728245696133808,0.052930957788677534,-0.1284007263198985,0.7266488901992079,1.2283768876889143,1.3024916485669868,-1.3361270300541594
2024/05/15 1:49:42.655 pm,0.9936470985412598,0.27521198987960815,-0.182072252035141,0.6761809569457686,0.053512129709756,-0.12858857186370581,0.7234506068991629,1.2632333129087496,1.3039411434962804,-1.3704108955906742
2024/05/15 1:49:42.665 pm,0.9748218655586243,0.2796388268470764,-0.19508856534957886,0.6799519609644312,0.0545881662267603,-0.12856966246265802,0.719829982765321,1.3036137156245249,1.3049209143198024,-1.4092197642636093
